trade_date,group,group_ret,benchmark
20160201,1.0,-0.000699999999999981,0.507258
20160201,3.0,-0.042499999999999996,0.507258
20160201,5.0,0.10669999999999999,0.507258
20160201,8.0,0.5013,0.507258
20160201,10.0,0.3992,0.507258
20160215,1.0,0.024800000000000006,0.507258
20160215,5.0,0.0631,0.507258
20160215,10.0,0.01670000000000001,0.507258
20160222,1.0,0.11599999999999999,0.507258
20160222,2.0,0.03499999999999999,0.507258
20160222,3.0,-0.004399999999999994,0.507258
20160222,4.0,0.11510000000000001,0.507258
20160222,5.0,0.1905,0.507258
20160222,6.0,-0.006299999999999984,0.507258
20160222,7.0,0.03999999999999999,0.507258
20160222,8.0,0.10140000000000002,0.507258
20160222,9.0,0.1,0.507258
20160222,10.0,0.028500000000000004,0.507258
20160229,1.0,0.17795384615384616,0.507258
20160229,2.0,0.21478076923076922,0.507258
20160229,3.0,0.19490384615384615,0.507258
20160229,4.0,0.20212307692307693,0.507258
20160229,5.0,0.17625384615384615,0.507258
20160229,6.0,0.17542941176470586,0.507258
20160229,7.0,0.1923730769230769,0.507258
20160229,8.0,0.1924,0.507258
20160229,9.0,0.20572115384615383,0.507258
20160229,10.0,0.15791153846153844,0.507258
20160314,1.0,0.060399999999999995,-0.04738200000000001
20160314,2.0,0.15510000000000002,-0.04738200000000001
20160314,3.0,0.0719,-0.04738200000000001
20160314,4.0,0.15030000000000002,-0.04738200000000001
20160314,5.0,-0.021800000000000035,-0.04738200000000001
20160314,6.0,-0.031999999999999994,-0.04738200000000001
20160314,7.0,0.19990000000000002,-0.04738200000000001
20160314,8.0,0.04139999999999999,-0.04738200000000001
20160314,9.0,0.1704,-0.04738200000000001
20160314,10.0,0.19279999999999997,-0.04738200000000001
20160321,1.0,-0.2563,-0.04738200000000001
20160321,2.0,-0.03450000000000002,-0.04738200000000001
20160321,3.0,-0.04150000000000001,-0.04738200000000001
20160321,4.0,-0.18180000000000002,-0.04738200000000001
20160321,5.0,-0.042400000000000014,-0.04738200000000001
20160321,6.0,0.1463,-0.04738200000000001
20160321,7.0,0.1146,-0.04738200000000001
20160321,8.0,0.12730000000000002,-0.04738200000000001
20160321,9.0,0.06040000000000001,-0.04738200000000001
20160321,10.0,0.18140000000000003,-0.04738200000000001
20160328,1.0,-0.010349056603773587,-0.04738200000000001
20160328,2.0,-0.03591923076923077,-0.04738200000000001
20160328,3.0,-0.014463461538461538,-0.04738200000000001
20160328,4.0,-0.0010384615384615378,-0.04738200000000001
20160328,5.0,0.02485576923076923,-0.04738200000000001
20160328,6.0,-0.02063076923076923,-0.04738200000000001
20160328,7.0,-0.019463461538461537,-0.04738200000000001
20160328,8.0,0.03420576923076923,-0.04738200000000001
20160328,9.0,-0.016,-0.04738200000000001
20160328,10.0,-0.02581346153846154,-0.04738200000000001
20160411,1.0,0.0658,-0.02138999999999997
20160411,3.0,-0.1633,-0.02138999999999997
20160411,5.0,0.01680000000000002,-0.02138999999999997
20160411,8.0,0.2258,-0.02138999999999997
20160411,10.0,0.012900000000000002,-0.02138999999999997
20160418,1.0,-0.015700000000000006,-0.02138999999999997
20160418,3.0,-0.00350000000000001,-0.02138999999999997
20160418,5.0,-0.021099999999999994,-0.02138999999999997
20160418,8.0,-0.15330000000000002,-0.02138999999999997
20160418,10.0,0.03240000000000001,-0.02138999999999997
20160425,1.0,0.00898301886792453,-0.02138999999999997
20160425,2.0,0.01485,-0.02138999999999997
20160425,3.0,0.00941132075471698,-0.02138999999999997
20160425,4.0,-0.006173076923076921,-0.02138999999999997
20160425,5.0,0.04175094339622642,-0.02138999999999997
20160425,6.0,0.012271153846153847,-0.02138999999999997
20160425,7.0,0.003234615384615385,-0.02138999999999997
20160425,8.0,0.006052830188679244,-0.02138999999999997
20160425,9.0,-0.007911538461538461,-0.02138999999999997
20160425,10.0,-0.03341509433962264,-0.02138999999999997
20160509,1.0,-0.007899999999999999,0.201273
20160509,5.0,0.05200000000000001,0.201273
20160509,10.0,0.2659,0.201273
20160516,1.0,-0.11839999999999999,0.201273
20160516,2.0,0.18430000000000002,0.201273
20160516,4.0,-0.008499999999999999,0.201273
20160516,5.0,0.27909999999999996,0.201273
20160516,7.0,0.2521,0.201273
20160516,9.0,0.14930000000000002,0.201273
20160516,10.0,0.2,0.201273
20160523,1.0,0.37520000000000003,0.201273
20160523,3.0,0.1001,0.201273
20160523,5.0,-0.008700000000000003,0.201273
20160523,8.0,0.1689,0.201273
20160523,10.0,0.040299999999999996,0.201273
20160530,1.0,0.0820754716981132,0.201273
20160530,2.0,0.078225,0.201273
20160530,3.0,0.05365961538461539,0.201273
20160530,4.0,0.0664673076923077,0.201273
20160530,5.0,0.059046153846153845,0.201273
20160530,6.0,0.0741076923076923,0.201273
20160530,7.0,0.07109038461538461,0.201273
20160530,8.0,0.04446153846153847,0.201273
20160530,9.0,0.0566,0.201273
20160530,10.0,0.07981509433962264,0.201273
20160606,1.0,-0.1634,-0.07845600000000001
20160606,10.0,-0.1624,-0.07845600000000001
20160613,1.0,0.144,-0.07845600000000001
20160613,5.0,0.2445,-0.07845600000000001
20160613,10.0,0.1387,-0.07845600000000001
20160620,1.0,0.24509999999999998,-0.07845600000000001
20160620,5.0,0.079,-0.07845600000000001
20160620,10.0,-0.032,-0.07845600000000001
20160627,1.0,-0.03573584905660377,-0.07845600000000001
20160627,2.0,-0.0036962264150943403,-0.07845600000000001
20160627,3.0,0.013296153846153845,-0.07845600000000001
20160627,4.0,0.01307735849056604,-0.07845600000000001
20160627,5.0,0.011856603773584905,-0.07845600000000001
20160627,6.0,0.022675,-0.07845600000000001
20160627,7.0,-0.00727924528301887,-0.07845600000000001
20160627,8.0,-0.007876923076923078,-0.07845600000000001
20160627,9.0,-0.026913207547169814,-0.07845600000000001
20160627,10.0,-0.04644339622641509,-0.07845600000000001
20160704,1.0,0.41809999999999997,0.11961000000000001
20160704,5.0,0.21350000000000002,0.11961000000000001
20160704,10.0,0.028899999999999988,0.11961000000000001
20160711,1.0,-0.13859999999999997,0.11961000000000001
20160711,10.0,0.1399,0.11961000000000001
20160718,1.0,-0.2295,0.11961000000000001
20160718,2.0,0.2454,0.11961000000000001
20160718,4.0,0.0866,0.11961000000000001
20160718,5.0,0.0241,0.11961000000000001
20160718,7.0,0.016999999999999994,0.11961000000000001
20160718,9.0,-0.020500000000000004,0.11961000000000001
20160718,10.0,0.1353,0.11961000000000001
20160725,1.0,0.040241509433962264,0.11961000000000001
20160725,2.0,0.05985384615384615,0.11961000000000001
20160725,3.0,0.05467358490566038,0.11961000000000001
20160725,4.0,0.036557692307692305,0.11961000000000001
20160725,5.0,0.055650943396226414,0.11961000000000001
20160725,6.0,0.03405384615384615,0.11961000000000001
20160725,7.0,0.06722307692307693,0.11961000000000001
20160725,8.0,0.0340811320754717,0.11961000000000001
20160725,9.0,0.019378846153846156,0.11961000000000001
20160725,10.0,0.038118867924528295,0.11961000000000001
20160815,1.0,-0.0914,-0.05735400000000001
20160815,3.0,0.1042,-0.05735400000000001
20160815,5.0,-0.0007000000000000027,-0.05735400000000001
20160815,8.0,0.0483,-0.05735400000000001
20160815,10.0,0.014699999999999998,-0.05735400000000001
20160822,1.0,0.27140000000000003,-0.05735400000000001
20160822,2.0,-0.07089999999999999,-0.05735400000000001
20160822,4.0,0.09050000000000001,-0.05735400000000001
20160822,5.0,-0.08349999999999999,-0.05735400000000001
20160822,7.0,-0.0713,-0.05735400000000001
20160822,9.0,-0.1577,-0.05735400000000001
20160822,10.0,0.048299999999999996,-0.05735400000000001
20160829,1.0,-0.03824444444444444,-0.05735400000000001
20160829,2.0,-0.022030188679245284,-0.05735400000000001
20160829,3.0,-0.017249056603773585,-0.05735400000000001
20160829,4.0,-0.01866851851851852,-0.05735400000000001
20160829,5.0,-0.008047169811320755,-0.05735400000000001
20160829,6.0,-0.018828301886792454,-0.05735400000000001
20160829,7.0,-0.0014111111111111112,-0.05735400000000001
20160829,8.0,-0.013550943396226416,-0.05735400000000001
20160829,9.0,-0.013737735849056605,-0.05735400000000001
20160829,10.0,-0.02407037037037037,-0.05735400000000001
20160905,1.0,-0.1089,0.08672400000000001
20160905,2.0,-0.012999999999999994,0.08672400000000001
20160905,4.0,0.1905,0.08672400000000001
20160905,6.0,0.229,0.08672400000000001
20160905,8.0,-0.023400000000000004,0.08672400000000001
20160905,10.0,-0.0332,0.08672400000000001
20160912,1.0,-0.632576,0.08672400000000001
20160912,5.0,-0.006699999999999994,0.08672400000000001
20160912,10.0,-0.22806,0.08672400000000001
20160919,1.0,-0.02899999999999999,0.08672400000000001
20160919,2.0,-0.010200000000000004,0.08672400000000001
20160919,3.0,0.016600000000000004,0.08672400000000001
20160919,5.0,0.05439999999999999,0.08672400000000001
20160919,6.0,0.061,0.08672400000000001
20160919,8.0,-0.11309999999999999,0.08672400000000001
20160919,9.0,-0.049900000000000014,0.08672400000000001
20160919,10.0,0.06709999999999999,0.08672400000000001
20160926,1.0,0.046705555555555556,0.08672400000000001
20160926,2.0,0.02046111111111111,0.08672400000000001
20160926,3.0,0.03332264150943396,0.08672400000000001
20160926,4.0,0.045224074074074076,0.08672400000000001
20160926,5.0,0.029324528301886792,0.08672400000000001
20160926,6.0,0.035524074074074076,0.08672400000000001
20160926,7.0,0.02942264150943396,0.08672400000000001
20160926,8.0,0.03325555555555556,0.08672400000000001
20160926,9.0,0.0221188679245283,0.08672400000000001
20160926,10.0,0.05237407407407407,0.08672400000000001
20161017,1.0,-0.09259999999999999,0.03622500000000001
20161017,5.0,0.09659999999999999,0.03622500000000001
20161017,10.0,-0.04000000000000001,0.03622500000000001
20161024,1.0,0.5603,0.03622500000000001
20161024,3.0,0.00019999999999999185,0.03622500000000001
20161024,5.0,0.06970000000000001,0.03622500000000001
20161024,8.0,0.0539,0.03622500000000001
20161024,10.0,-0.0017999999999999995,0.03622500000000001
20161031,1.0,0.058092727272727275,0.03622500000000001
20161031,2.0,0.01580925925925926,0.03622500000000001
20161031,3.0,0.04028703703703704,0.03622500000000001
20161031,4.0,0.024494545454545453,0.03622500000000001
20161031,5.0,0.02747037037037037,0.03622500000000001
20161031,6.0,0.014944444444444442,0.03622500000000001
20161031,7.0,0.04232909090909091,0.03622500000000001
20161031,8.0,0.016411111111111112,0.03622500000000001
20161031,9.0,0.02726296296296296,0.03622500000000001
20161031,10.0,-0.013692727272727273,0.03622500000000001
20161107,1.0,0.1744,-0.173463
20161107,2.0,0.028999999999999995,-0.173463
20161107,4.0,-0.3742,-0.173463
20161107,6.0,0.03510000000000002,-0.173463
20161107,8.0,-0.1074,-0.173463
20161107,10.0,0.10980000000000002,-0.173463
20161114,1.0,-0.029900000000000006,-0.173463
20161114,2.0,-0.1325,-0.173463
20161114,3.0,-0.19499999999999998,-0.173463
20161114,4.0,-0.01749999999999999,-0.173463
20161114,5.0,-0.10759999999999999,-0.173463
20161114,7.0,-0.11199999999999999,-0.173463
20161114,8.0,-0.193,-0.173463
20161114,9.0,-0.0715,-0.173463
20161114,10.0,-0.0235,-0.173463
20161121,1.0,0.1324,-0.173463
20161121,2.0,0.018600000000000005,-0.173463
20161121,3.0,0.04260000000000001,-0.173463
20161121,5.0,-0.2895,-0.173463
20161121,6.0,-0.0895,-0.173463
20161121,8.0,-0.1696,-0.173463
20161121,9.0,-0.09759999999999999,-0.173463
20161121,10.0,-0.1099,-0.173463
20161128,1.0,-0.05595740740740741,-0.173463
20161128,2.0,-0.06161111111111111,-0.173463
20161128,3.0,-0.05347547169811321,-0.173463
20161128,4.0,-0.08249074074074075,-0.173463
20161128,5.0,-0.04785925925925926,-0.173463
20161128,6.0,-0.05016603773584905,-0.173463
20161128,7.0,-0.06275555555555555,-0.173463
20161128,8.0,-0.05485094339622642,-0.173463
20161128,9.0,-0.0446462962962963,-0.173463
20161128,10.0,-0.03213888888888889,-0.173463
20161205,1.0,-0.0998,-0.09731699999999999
20161205,10.0,-0.2092,-0.09731699999999999
20161212,1.0,-0.2138,-0.09731699999999999
20161212,5.0,-0.0499,-0.09731699999999999
20161212,10.0,0.05999999999999999,-0.09731699999999999
20161219,1.0,-0.02520000000000001,-0.09731699999999999
20161219,5.0,-0.0103,-0.09731699999999999
20161219,10.0,-0.07370000000000002,-0.09731699999999999
20161226,1.0,0.019660714285714285,-0.09731699999999999
20161226,2.0,-0.025948214285714286,-0.09731699999999999
20161226,3.0,-0.007436363636363637,-0.09731699999999999
20161226,4.0,-0.0178625,-0.09731699999999999
20161226,5.0,-0.015201785714285715,-0.09731699999999999
20161226,6.0,-0.02592,-0.09731699999999999
20161226,7.0,-0.03175178571428571,-0.09731699999999999
20161226,8.0,-0.01120909090909091,-0.09731699999999999
20161226,9.0,-0.011287499999999997,-0.09731699999999999
20161226,10.0,-0.025337500000000002,-0.09731699999999999
20170109,1.0,0.19609999999999997,0.109695
20170109,2.0,0.1366,0.109695
20170109,4.0,0.005100000000000002,0.109695
20170109,6.0,0.012899999999999993,0.109695
20170109,8.0,0.2471,0.109695
20170109,10.0,-0.028200000000000006,0.109695
20170116,1.0,0.18689999999999998,0.109695
20170116,3.0,-0.049200000000000015,0.109695
20170116,5.0,0.3516,0.109695
20170116,8.0,0.081,0.109695
20170116,10.0,-0.0764,0.109695
20170123,1.0,0.12713859649122808,0.109695
20170123,2.0,0.08005535714285715,0.109695
20170123,3.0,0.045583928571428574,0.109695
20170123,4.0,0.045701785714285716,0.109695
20170123,5.0,0.046898214285714286,0.109695
20170123,6.0,0.03742678571428571,0.109695
20170123,7.0,0.04589642857142857,0.109695
20170123,8.0,0.04497321428571428,0.109695
20170123,9.0,0.047276785714285716,0.109695
20170123,10.0,0.047508771929824556,0.109695
20170206,1.0,-0.1081,-0.05859599999999999
20170206,10.0,-0.17880000000000001,-0.05859599999999999
20170213,1.0,0.045899999999999996,-0.05859599999999999
20170213,5.0,0.0019000000000000041,-0.05859599999999999
20170213,10.0,-0.2615,-0.05859599999999999
20170220,1.0,-0.07170000000000001,-0.05859599999999999
20170220,4.0,-0.04170000000000001,-0.05859599999999999
20170220,7.0,0.2194,-0.05859599999999999
20170220,10.0,-0.1095,-0.05859599999999999
20170227,1.0,0.0153551724137931,-0.05859599999999999
20170227,2.0,-0.02875614035087719,-0.05859599999999999
20170227,3.0,-0.011756896551724138,-0.05859599999999999
20170227,4.0,-0.025189473684210525,-0.05859599999999999
20170227,5.0,-0.04465,-0.05859599999999999
20170227,6.0,-0.015266666666666666,-0.05859599999999999
20170227,7.0,-0.01764385964912281,-0.05859599999999999
20170227,8.0,-0.015481034482758622,-0.05859599999999999
20170227,9.0,-0.010142105263157895,-0.05859599999999999
20170227,10.0,0.0068120689655172435,-0.05859599999999999
20170313,1.0,-0.40780000000000005,-0.180477
20170313,5.0,-0.21960000000000002,-0.180477
20170313,10.0,0.0641,-0.180477
20170320,1.0,-0.1053,-0.180477
20170320,5.0,-0.0999,-0.180477
20170320,10.0,-0.1053,-0.180477
20170327,1.0,-0.0700406779661017,-0.180477
20170327,2.0,-0.07424137931034483,-0.180477
20170327,3.0,-0.04086379310344828,-0.180477
20170327,4.0,-0.046501724137931036,-0.180477
20170327,5.0,-0.02279310344827586,-0.180477
20170327,6.0,-0.06508793103448277,-0.180477
20170327,7.0,-0.04825689655172414,-0.180477
20170327,8.0,-0.043205172413793104,-0.180477
20170327,9.0,-0.054434482758620686,-0.180477
20170327,10.0,-0.052361016949152545,-0.180477
20170410,1.0,-0.1381,-0.24638700000000002
20170410,2.0,-0.1116,-0.24638700000000002
20170410,4.0,-0.2226,-0.24638700000000002
20170410,6.0,-0.04180000000000002,-0.24638700000000002
20170410,8.0,-0.2775,-0.24638700000000002
20170410,10.0,-0.10570000000000002,-0.24638700000000002
20170417,1.0,-0.21230000000000002,-0.24638700000000002
20170417,2.0,-0.0812,-0.24638700000000002
20170417,3.0,-0.1579,-0.24638700000000002
20170417,5.0,0.008600000000000003,-0.24638700000000002
20170417,6.0,-0.04920000000000001,-0.24638700000000002
20170417,8.0,-0.1382,-0.24638700000000002
20170417,9.0,0.03610000000000001,-0.24638700000000002
20170417,10.0,-0.1238,-0.24638700000000002
20170424,1.0,-0.08221525423728814,-0.24638700000000002
20170424,2.0,-0.1065949152542373,-0.24638700000000002
20170424,3.0,-0.08577931034482758,-0.24638700000000002
20170424,4.0,-0.10337222033898305,-0.24638700000000002
20170424,5.0,-0.07968793103448277,-0.24638700000000002
20170424,6.0,-0.08027966101694915,-0.24638700000000002
20170424,7.0,-0.08275517241379311,-0.24638700000000002
20170424,8.0,-0.07187966101694915,-0.24638700000000002
20170424,9.0,-0.06746551724137931,-0.24638700000000002
20170424,10.0,-0.0881406779661017,-0.24638700000000002
20170508,1.0,-0.0488,0.10727999999999999
20170508,3.0,-0.023600000000000006,0.10727999999999999
20170508,5.0,0.1571,0.10727999999999999
20170508,8.0,0.5801000000000001,0.10727999999999999
20170508,10.0,0.10540000000000001,0.10727999999999999
20170515,1.0,-0.1163,0.10727999999999999
20170515,5.0,0.16240000000000002,0.10727999999999999
20170515,10.0,0.2012,0.10727999999999999
20170522,1.0,0.03256666666666667,0.10727999999999999
20170522,2.0,0.04997457627118644,0.10727999999999999
20170522,3.0,0.054577966101694915,0.10727999999999999
20170522,4.0,0.046658333333333336,0.10727999999999999
20170522,5.0,0.034747457627118644,0.10727999999999999
20170522,6.0,0.058408474576271185,0.10727999999999999
20170522,7.0,0.049523333333333336,0.10727999999999999
20170522,8.0,0.05622033898305085,0.10727999999999999
20170522,9.0,0.05400677966101695,0.10727999999999999
20170522,10.0,0.027926666666666666,0.10727999999999999
20170605,1.0,-0.1756,-0.0027959999999999877
20170605,5.0,-0.6459,-0.0027959999999999877
20170605,10.0,0.1005,-0.0027959999999999877
20170619,1.0,0.0601,-0.0027959999999999877
20170619,2.0,-0.0932,-0.0027959999999999877
20170619,4.0,-0.08050000000000002,-0.0027959999999999877
20170619,6.0,-0.11729999999999999,-0.0027959999999999877
20170619,8.0,-0.06840000000000002,-0.0027959999999999877
20170619,10.0,0.003299999999999994,-0.0027959999999999877
20170626,1.0,-0.005379999999999999,-0.0027959999999999877
20170626,2.0,0.04140833333333334,-0.0027959999999999877
20170626,3.0,0.03069833333333333,-0.0027959999999999877
20170626,4.0,-0.00012166666666666564,-0.0027959999999999877
20170626,5.0,-0.005013333333333334,-0.0027959999999999877
20170626,6.0,-0.0019016949152542352,-0.0027959999999999877
20170626,7.0,0.02016333333333333,-0.0027959999999999877
20170626,8.0,-0.0037216666666666674,-0.0027959999999999877
20170626,9.0,-0.005916666666666666,-0.0027959999999999877
20170626,10.0,0.014000000000000002,-0.0027959999999999877
20170703,1.0,-0.1145,0.095388
20170703,5.0,-0.3406,0.095388
20170703,10.0,0.010599999999999995,0.095388
20170710,1.0,0.04870000000000001,0.095388
20170710,5.0,0.04029999999999999,0.095388
20170710,10.0,0.2884,0.095388
20170717,1.0,0.1686,0.095388
20170717,3.0,-0.125,0.095388
20170717,5.0,0.016100000000000003,0.095388
20170717,8.0,0.0036000000000000008,0.095388
20170717,10.0,-0.17179999999999998,0.095388
20170724,1.0,0.04880000000000001,0.095388
20170724,4.0,-0.3658,0.095388
20170724,7.0,0.2715,0.095388
20170724,10.0,0.1079,0.095388
20170731,1.0,0.14215333333333333,0.095388
20170731,2.0,0.03993,0.095388
20170731,3.0,0.037325000000000004,0.095388
20170731,4.0,0.05006833333333334,0.095388
20170731,5.0,0.029266666666666667,0.095388
20170731,6.0,0.05838666666666667,0.095388
20170731,7.0,0.02285833333333333,0.095388
20170731,8.0,0.049041666666666664,0.095388
20170731,9.0,0.03154166666666667,0.095388
20170731,10.0,0.03326,0.095388
20170807,1.0,-0.2519,0.06450299999999999
20170807,10.0,0.19990000000000002,0.06450299999999999
20170814,1.0,0.0483,0.06450299999999999
20170814,10.0,-0.2597,0.06450299999999999
20170821,1.0,0.2016,0.06450299999999999
20170821,4.0,-0.20360000000000003,0.06450299999999999
20170821,7.0,0.22469999999999998,0.06450299999999999
20170821,10.0,-0.36125100000000004,0.06450299999999999
20170828,1.0,0.05294677419354839,0.06450299999999999
20170828,2.0,0.02874262295081967,0.06450299999999999
20170828,3.0,0.032100000000000004,0.06450299999999999
20170828,4.0,0.022422950819672133,0.06450299999999999
20170828,5.0,-0.000854098360655736,0.06450299999999999
20170828,6.0,-0.000549180327868852,0.06450299999999999
20170828,7.0,0.014281967213114756,0.06450299999999999
20170828,8.0,0.010186885245901639,0.06450299999999999
20170828,9.0,0.02269344262295082,0.06450299999999999
20170828,10.0,0.018777049180327868,0.06450299999999999
20170904,1.0,-0.2298,-0.079098
20170904,4.0,-0.011799999999999993,-0.079098
20170904,7.0,-0.1971,-0.079098
20170904,10.0,-0.1122,-0.079098
20170911,1.0,-0.0197,-0.079098
20170911,5.0,-0.1125,-0.079098
20170911,10.0,-0.0998,-0.079098
20170918,1.0,-0.22780000000000003,-0.079098
20170918,2.0,0.08910000000000001,-0.079098
20170918,4.0,-0.049800000000000004,-0.079098
20170918,6.0,0.1374,-0.079098
20170918,8.0,-0.0759,-0.079098
20170918,10.0,0.0013000000000000034,-0.079098
20170925,1.0,-0.0026322580645161287,-0.079098
20170925,2.0,-0.04114516129032258,-0.079098
20170925,3.0,-0.04979677419354839,-0.079098
20170925,4.0,-0.020056451612903228,-0.079098
20170925,5.0,-0.009996774193548386,-0.079098
20170925,6.0,-0.011588709677419356,-0.079098
20170925,7.0,-0.019688709677419355,-0.079098
20170925,8.0,-0.025416129032258063,-0.079098
20170925,9.0,-0.022416129032258064,-0.079098
20170925,10.0,-0.03173064516129032,-0.079098
20171009,1.0,-0.1677,-0.189936
20171009,10.0,-0.0758,-0.189936
20171016,1.0,-0.0675,-0.189936
20171016,10.0,-0.0817,-0.189936
20171023,1.0,-0.23890000000000003,-0.189936
20171023,3.0,-0.10949999999999999,-0.189936
20171023,5.0,-0.0999,-0.189936
20171023,8.0,0.058899999999999994,-0.189936
20171023,10.0,-0.2737,-0.189936
20171030,1.0,-0.07366349206349207,-0.189936
20171030,2.0,-0.06471129032258065,-0.189936
20171030,3.0,-0.041353968253968254,-0.189936
20171030,4.0,-0.07525967741935484,-0.189936
20171030,5.0,-0.05934285714285714,-0.189936
20171030,6.0,-0.08573548387096774,-0.189936
20171030,7.0,-0.05074838709677419,-0.189936
20171030,8.0,-0.04632063492063492,-0.189936
20171030,9.0,-0.0483,-0.189936
20171030,10.0,-0.06771904761904762,-0.189936
20171120,1.0,0.0618,-0.054852000000000005
20171120,2.0,-0.06270000000000002,-0.054852000000000005
20171120,4.0,-0.12100000000000002,-0.054852000000000005
20171120,5.0,-0.026399999999999993,-0.054852000000000005
20171120,7.0,-0.08819999999999999,-0.054852000000000005
20171120,9.0,-0.15209999999999999,-0.054852000000000005
20171120,10.0,0.05050000000000002,-0.054852000000000005
20171127,1.0,-0.007179687499999999,-0.054852000000000005
20171127,2.0,-0.01338095238095238,-0.054852000000000005
20171127,3.0,-0.017458730158730156,-0.054852000000000005
20171127,4.0,-0.014262499999999997,-0.054852000000000005
20171127,5.0,-0.014460317460317462,-0.054852000000000005
20171127,6.0,-0.01652539682539683,-0.054852000000000005
20171127,7.0,-0.0188875,-0.054852000000000005
20171127,8.0,-0.016271428571428572,-0.054852000000000005
20171127,9.0,0.0017619047619047603,-0.054852000000000005
20171127,10.0,0.0019796874999999975,-0.054852000000000005
20171211,1.0,-0.023300000000000015,-0.09531600000000001
20171211,5.0,-0.1391,-0.09531600000000001
20171211,10.0,-0.0173,-0.09531600000000001
20171218,1.0,0.0947,-0.09531600000000001
20171218,4.0,-0.0865,-0.09531600000000001
20171218,7.0,-0.08310000000000001,-0.09531600000000001
20171218,10.0,0.0385,-0.09531600000000001
20171225,1.0,-0.06690625,-0.09531600000000001
20171225,2.0,-0.031375,-0.09531600000000001
20171225,3.0,-0.025496875000000002,-0.09531600000000001
20171225,4.0,-0.0254234375,-0.09531600000000001
20171225,5.0,-0.008884375,-0.09531600000000001
20171225,6.0,-0.0206671875,-0.09531600000000001
20171225,7.0,-0.014090625000000002,-0.09531600000000001
20171225,8.0,-0.0202203125,-0.09531600000000001
20171225,9.0,-0.00883125,-0.09531600000000001
20171225,10.0,-0.024240625,-0.09531600000000001
20180115,1.0,0.3112,-0.091695
20180115,3.0,0.2314,-0.091695
20180115,5.0,-0.036899999999999995,-0.091695
20180115,8.0,-0.1689,-0.091695
20180115,10.0,-0.1153,-0.091695
20180122,1.0,-0.09669999999999998,-0.091695
20180122,2.0,-0.06190000000000001,-0.091695
20180122,3.0,-0.1535,-0.091695
20180122,4.0,-0.0556,-0.091695
20180122,5.0,-0.0829,-0.091695
20180122,7.0,-0.0652,-0.091695
20180122,8.0,-0.026099999999999998,-0.091695
20180122,9.0,-0.04479999999999999,-0.091695
20180122,10.0,0.13790000000000005,-0.091695
20180129,1.0,-0.00014218749999999865,-0.091695
20180129,2.0,-0.0297703125,-0.091695
20180129,3.0,-0.0268546875,-0.091695
20180129,4.0,-0.0348968253968254,-0.091695
20180129,5.0,-0.0353546875,-0.091695
20180129,6.0,-0.0344765625,-0.091695
20180129,7.0,-0.014196825396825395,-0.091695
20180129,8.0,-0.040646875,-0.091695
20180129,9.0,-0.035750937499999996,-0.091695
20180129,10.0,-0.012049999999999998,-0.091695
20180226,1.0,0.10544307692307692,0.11367899999999999
20180226,2.0,0.059309375,0.11367899999999999
20180226,3.0,0.039340625000000004,0.11367899999999999
20180226,4.0,0.04959375,0.11367899999999999
20180226,5.0,0.0448390625,0.11367899999999999
20180226,6.0,0.025328125,0.11367899999999999
20180226,7.0,0.0570578125,0.11367899999999999
20180226,8.0,0.061828125,0.11367899999999999
20180226,9.0,0.05490625,0.11367899999999999
20180226,10.0,0.049509375,0.11367899999999999
20180319,1.0,-0.057200000000000015,-0.123312
20180319,3.0,-0.10039999999999999,-0.123312
20180319,5.0,-0.0026000000000000034,-0.123312
20180319,8.0,0.1129,-0.123312
20180319,10.0,-0.1587,-0.123312
20180326,1.0,-0.03688615384615384,-0.123312
20180326,2.0,-0.03755692307692308,-0.123312
20180326,3.0,-0.039,-0.123312
20180326,4.0,-0.03591715625,-0.123312
20180326,5.0,-0.02763384615384615,-0.123312
20180326,6.0,-0.03472535384615384,-0.123312
20180326,7.0,-0.0112625,-0.123312
20180326,8.0,-0.03889686153846154,-0.123312
20180326,9.0,-0.021613846153846154,-0.123312
20180326,10.0,-0.043227369230769225,-0.123312
20180409,1.0,-0.25243099999999996,-0.09053699999999999
20180409,5.0,-0.3085,-0.09053699999999999
20180409,10.0,-0.06440000000000001,-0.09053699999999999
20180416,1.0,-0.08070000000000001,-0.09053699999999999
20180416,4.0,0.138,-0.09053699999999999
20180416,7.0,-0.344118,-0.09053699999999999
20180416,10.0,-0.17089,-0.09053699999999999
20180423,1.0,0.006498461538461538,-0.09053699999999999
20180423,2.0,-0.010970769230769232,-0.09053699999999999
20180423,3.0,-0.01505946875,-0.09053699999999999
20180423,4.0,-0.009780000000000002,-0.09053699999999999
20180423,5.0,-0.002334984374999999,-0.09053699999999999
20180423,6.0,-0.005072307692307692,-0.09053699999999999
20180423,7.0,-0.015412093750000001,-0.09053699999999999
20180423,8.0,-0.02538923076923077,-0.09053699999999999
20180423,9.0,-0.011465125000000001,-0.09053699999999999
20180423,10.0,-0.02248153846153846,-0.09053699999999999
20180507,1.0,-0.198842,-0.34311300000000006
20180507,10.0,0.030759999999999985,-0.34311300000000006
20180521,1.0,-0.0713,-0.34311300000000006
20180521,3.0,-0.17099999999999999,-0.34311300000000006
20180521,5.0,-0.1476,-0.34311300000000006
20180521,8.0,-0.3513,-0.34311300000000006
20180521,10.0,-0.156021,-0.34311300000000006
20180528,1.0,-0.0731,-0.34311300000000006
20180528,2.0,-0.10550153846153847,-0.34311300000000006
20180528,3.0,-0.0918265625,-0.34311300000000006
20180528,4.0,-0.11033384615384616,-0.34311300000000006
20180528,5.0,-0.10444781538461538,-0.34311300000000006
20180528,6.0,-0.0966859375,-0.34311300000000006
20180528,7.0,-0.1071277076923077,-0.34311300000000006
20180528,8.0,-0.0800828125,-0.34311300000000006
20180528,9.0,-0.09478461538461538,-0.34311300000000006
20180528,10.0,-0.06376461538461539,-0.34311300000000006
20180604,1.0,-0.289333,-0.029520000000000005
20180604,5.0,-0.096087,-0.029520000000000005
20180604,10.0,-0.331243,-0.029520000000000005
20180611,1.0,-0.24267799999999998,-0.029520000000000005
20180611,2.0,-0.199991,-0.029520000000000005
20180611,4.0,-0.025914000000000003,-0.029520000000000005
20180611,6.0,-0.08766,-0.029520000000000005
20180611,8.0,-0.411608,-0.029520000000000005
20180611,10.0,0.320842,-0.029520000000000005
20180625,1.0,-0.01744204615384615,-0.029520000000000005
20180625,2.0,-0.0029076250000000014,-0.029520000000000005
20180625,3.0,0.0074360923076923074,-0.029520000000000005
20180625,4.0,-0.007036093749999998,-0.029520000000000005
20180625,5.0,0.03252995384615384,-0.029520000000000005
20180625,6.0,0.019055203125,-0.029520000000000005
20180625,7.0,0.010371499999999999,-0.029520000000000005
20180625,8.0,0.03339786153846154,-0.029520000000000005
20180625,9.0,-0.008899078125,-0.029520000000000005
20180625,10.0,0.021253092307692307,-0.029520000000000005
20180730,1.0,-0.08833179104477612,-0.266733
20180730,2.0,-0.09037650746268656,-0.266733
20180730,3.0,-0.08478475757575757,-0.266733
20180730,4.0,-0.07958364179104478,-0.266733
20180730,5.0,-0.06089607575757576,-0.266733
20180730,6.0,-0.07484958208955224,-0.266733
20180730,7.0,-0.09219589393939394,-0.266733
20180730,8.0,-0.07331444776119403,-0.266733
20180730,9.0,-0.07424368181818182,-0.266733
20180730,10.0,-0.08199616417910448,-0.266733
20180820,1.0,-0.08260200000000001,-0.039096000000000006
20180820,10.0,-0.11799099999999998,-0.039096000000000006
20180827,1.0,-0.009517514705882354,-0.039096000000000006
20180827,2.0,-0.0019128358208955211,-0.039096000000000006
20180827,3.0,0.005711104477611939,-0.039096000000000006
20180827,4.0,-0.00506176119402985,-0.039096000000000006
20180827,5.0,-0.0034429552238805987,-0.039096000000000006
20180827,6.0,-0.005026388059701493,-0.039096000000000006
20180827,7.0,0.004773424242424241,-0.039096000000000006
20180827,8.0,-0.01137366176470588,-0.039096000000000006
20180827,9.0,-0.009406910447761194,-0.039096000000000006
20180827,10.0,-0.027985746268656717,-0.039096000000000006
20180910,1.0,-0.176574,-0.35644200000000004
20180910,5.0,-0.009034999999999998,-0.35644200000000004
20180910,10.0,-0.110898,-0.35644200000000004
20180917,1.0,-0.09221486764705883,-0.35644200000000004
20180917,2.0,-0.08230225373134328,-0.35644200000000004
20180917,3.0,-0.09516766176470588,-0.35644200000000004
20180917,4.0,-0.10407043283582089,-0.35644200000000004
20180917,5.0,-0.08878507352941177,-0.35644200000000004
20180917,6.0,-0.09758135820895522,-0.35644200000000004
20180917,7.0,-0.09162516417910448,-0.35644200000000004
20180917,8.0,-0.08154133823529412,-0.35644200000000004
20180917,9.0,-0.11065059701492537,-0.35644200000000004
20180917,10.0,-0.10423957352941177,-0.35644200000000004
20181029,1.0,0.050135797101449275,0.17348999999999998
20181029,2.0,0.07297559420289855,0.17348999999999998
20181029,3.0,0.06161520289855073,0.17348999999999998
20181029,4.0,0.04184627941176471,0.17348999999999998
20181029,5.0,0.04362997101449275,0.17348999999999998
20181029,6.0,0.06559808695652174,0.17348999999999998
20181029,7.0,0.06824855882352941,0.17348999999999998
20181029,8.0,0.0680356231884058,0.17348999999999998
20181029,9.0,0.05362172463768116,0.17348999999999998
20181029,10.0,0.06745284057971014,0.17348999999999998
20181126,1.0,-0.043294742857142854,-0.139344
20181126,2.0,-0.037015362318840575,-0.139344
20181126,3.0,-0.059088299999999996,-0.139344
20181126,4.0,-0.05311421739130435,-0.139344
20181126,5.0,-0.044964114285714285,-0.139344
20181126,6.0,-0.021482811594202896,-0.139344
20181126,7.0,-0.032607507246376816,-0.139344
20181126,8.0,-0.04788022857142857,-0.139344
20181126,9.0,-0.029226376811594203,-0.139344
20181126,10.0,-0.033113800000000006,-0.139344
20181224,1.0,-0.012444171428571429,-0.046653
20181224,2.0,-0.0082464,-0.046653
20181224,3.0,-0.006058057971014495,-0.046653
20181224,4.0,0.011850114285714286,-0.046653
20181224,5.0,-0.012738242857142859,-0.046653
20181224,6.0,-0.015490188405797103,-0.046653
20181224,7.0,-0.010895857142857143,-0.046653
20181224,8.0,-0.0037863333333333334,-0.046653
20181224,9.0,-0.0015440571428571447,-0.046653
20181224,10.0,-0.0002754428571428586,-0.046653
20190128,1.0,0.24089777464788734,0.615675
20190128,2.0,0.20772027142857144,0.615675
20190128,3.0,0.18841644285714287,0.615675
20190128,4.0,0.18658238571428573,0.615675
20190128,5.0,0.19307088732394367,0.615675
20190128,6.0,0.2123709,0.615675
20190128,7.0,0.19988632857142857,0.615675
20190128,8.0,0.19340805714285716,0.615675
20190128,9.0,0.20323767142857144,0.615675
20190128,10.0,0.23960042253521127,0.615675
20190218,1.0,0.171268,0.326388
20190218,10.0,0.3337,0.326388
20190225,1.0,0.1381721971830986,0.326388
20190225,2.0,0.12429194285714286,0.326388
20190225,3.0,0.10170064285714285,0.326388
20190225,4.0,0.1091676338028169,0.326388
20190225,5.0,0.10630295714285715,0.326388
20190225,6.0,0.10184827142857143,0.326388
20190225,7.0,0.12583123943661972,0.326388
20190225,8.0,0.13164247142857144,0.326388
20190225,9.0,0.12136175714285716,0.326388
20190225,10.0,0.10503007042253522,0.326388
20190318,1.0,0.200314,-0.10853700000000001
20190318,3.0,-0.023845,-0.10853700000000001
20190318,5.0,0.162472,-0.10853700000000001
20190318,8.0,-0.044730000000000006,-0.10853700000000001
20190318,10.0,-0.21065000000000003,-0.10853700000000001
20190325,1.0,-0.04130674647887324,-0.10853700000000001
20190325,2.0,-0.03960921428571428,-0.10853700000000001
20190325,3.0,-0.042847871428571424,-0.10853700000000001
20190325,4.0,-0.047836785714285714,-0.10853700000000001
20190325,5.0,-0.06432198591549294,-0.10853700000000001
20190325,6.0,-0.025159557142857142,-0.10853700000000001
20190325,7.0,-0.04057675714285714,-0.10853700000000001
20190325,8.0,-0.011879971428571426,-0.10853700000000001
20190325,9.0,-0.01918467142857143,-0.10853700000000001
20190325,10.0,-0.0371276338028169,-0.10853700000000001
20190422,1.0,-0.118233,-0.171609
20190422,10.0,-0.359846,-0.171609
20190429,1.0,-0.013898041666666666,-0.171609
20190429,2.0,-0.020018394366197186,-0.171609
20190429,3.0,-0.04318494366197183,-0.171609
20190429,4.0,-0.04124584507042254,-0.171609
20190429,5.0,-0.03598649295774648,-0.171609
20190429,6.0,-0.030235281690140843,-0.171609
20190429,7.0,-0.02854225714285714,-0.171609
20190429,8.0,-0.031136375,-0.171609
20190429,9.0,-0.050253971830985913,-0.171609
20190429,10.0,-0.06593484507042253,-0.171609
20190527,1.0,0.010711083333333336,-0.0006209999999999948
20190527,2.0,0.015168875000000002,-0.0006209999999999948
20190527,3.0,0.0013336388888888885,-0.0006209999999999948
20190527,4.0,-0.0016509014084507023,-0.0006209999999999948
20190527,5.0,0.016591458333333333,-0.0006209999999999948
20190527,6.0,0.007565652777777777,-0.0006209999999999948
20190527,7.0,0.023477028169014084,-0.0006209999999999948
20190527,8.0,0.024607499999999997,-0.0006209999999999948
20190527,9.0,0.01606175,-0.0006209999999999948
20190527,10.0,-0.009626555555555557,-0.0006209999999999948
20190624,1.0,-0.03095340277777778,-0.06338399999999998
20190624,2.0,0.0054418888888888885,-0.06338399999999998
20190624,3.0,-0.011871597222222221,-0.06338399999999998
20190624,4.0,-0.004931569444444446,-0.06338399999999998
20190624,5.0,-0.007061,-0.06338399999999998
20190624,6.0,-0.012176802816901408,-0.06338399999999998
20190624,7.0,-0.00687425,-0.06338399999999998
20190624,8.0,-0.008758277777777778,-0.06338399999999998
20190624,9.0,-0.02042586111111111,-0.06338399999999998
20190624,10.0,-0.02948266666666667,-0.06338399999999998
20190729,1.0,0.02060582432432432,-0.004875
20190729,2.0,-0.0041430136986301365,-0.004875
20190729,3.0,-0.001400397260273973,-0.004875
20190729,4.0,-0.007046000000000001,-0.004875
20190729,5.0,-0.01618541095890411,-0.004875
20190729,6.0,-0.009608972602739725,-0.004875
20190729,7.0,-0.0017667397260273984,-0.004875
20190729,8.0,0.00017517808219178244,-0.004875
20190729,9.0,0.023542068493150686,-0.004875
20190729,10.0,0.022855594594594596,-0.004875
20190826,1.0,0.03240755405405405,0.03467400000000001
20190826,2.0,0.017682675675675674,0.03467400000000001
20190826,3.0,0.027887835616438355,0.03467400000000001
20190826,4.0,0.027354094594594595,0.03467400000000001
20190826,5.0,0.014377081081081083,0.03467400000000001
20190826,6.0,0.023520561643835616,0.03467400000000001
20190826,7.0,0.03174221621621622,0.03467400000000001
20190826,8.0,0.03803494520547945,0.03467400000000001
20190826,9.0,0.030618243243243245,0.03467400000000001
20190826,10.0,0.0019348513513513521,0.03467400000000001
20190930,1.0,-0.03779054054054054,0.015573
20190930,2.0,0.0008059324324324321,0.015573
20190930,3.0,-0.0070976351351351346,0.015573
20190930,4.0,0.001000824324324323,0.015573
20190930,5.0,0.004544513513513512,0.015573
20190930,6.0,0.005661191780821916,0.015573
20190930,7.0,0.018165594594594596,0.015573
20190930,8.0,-0.014912405405405406,0.015573
20190930,9.0,-0.0013958378378378363,0.015573
20190930,10.0,-0.0037852027027027056,0.015573
20191028,1.0,-0.015592613333333333,-0.070842
20191028,2.0,-0.01663808108108108,-0.070842
20191028,3.0,-0.020396216216216213,-0.070842
20191028,4.0,-0.003965527027027026,-0.070842
20191028,5.0,-0.014617594594594593,-0.070842
20191028,6.0,-0.022483432432432435,-0.070842
20191028,7.0,-0.013538891891891893,-0.070842
20191028,8.0,-0.017329040540540536,-0.070842
20191028,9.0,-0.003923770270270271,-0.070842
20191028,10.0,-0.008882706666666665,-0.070842
20191125,1.0,0.09878894666666667,0.250533
20191125,2.0,0.09784866666666667,0.250533
20191125,3.0,0.10090556756756758,0.250533
20191125,4.0,0.09676838666666666,0.250533
20191125,5.0,0.07640213513513514,0.250533
20191125,6.0,0.06003988,0.250533
20191125,7.0,0.06603377027027027,0.250533
20191125,8.0,0.08905077333333333,0.250533
20191125,9.0,0.10529267567567567,0.250533
20191125,10.0,0.09399004,0.250533
20191230,1.0,0.039789279999999996,0.07486199999999998
20191230,2.0,0.022261106666666666,0.07486199999999998
20191230,3.0,0.01353776,0.07486199999999998
20191230,4.0,0.022327573333333333,0.07486199999999998
20191230,5.0,0.02293006666666667,0.07486199999999998
20191230,6.0,0.0046323200000000005,0.07486199999999998
20191230,7.0,-0.002711279999999999,0.07486199999999998
20191230,8.0,0.03279450666666667,0.07486199999999998
20191230,9.0,0.046587173333333336,0.07486199999999998
20191230,10.0,0.030138626666666668,0.07486199999999998
20200120,1.0,0.033440279999999996,0.11646300000000001
20200120,2.0,0.029927706666666668,0.11646300000000001
20200120,3.0,0.00398808,0.11646300000000001
20200120,4.0,-0.011744613333333336,0.11646300000000001
20200120,5.0,0.0005285733333333346,0.11646300000000001
20200120,6.0,0.030284189189189188,0.11646300000000001
20200120,7.0,0.0224116,0.11646300000000001
20200120,8.0,0.012581120000000003,0.11646300000000001
20200120,9.0,0.03058112,0.11646300000000001
20200120,10.0,0.05298958666666667,0.11646300000000001
20200224,1.0,-0.06055772368421053,-0.21844200000000003
20200224,2.0,-0.04487446666666667,-0.21844200000000003
20200224,3.0,-0.05211193421052631,-0.21844200000000003
20200224,4.0,-0.029786906666666665,-0.21844200000000003
20200224,5.0,-0.047494842105263155,-0.21844200000000003
20200224,6.0,-0.055985959999999994,-0.21844200000000003
20200224,7.0,-0.041921466666666664,-0.21844200000000003
20200224,8.0,-0.06758114473684211,-0.21844200000000003
20200224,9.0,-0.05384150666666667,-0.21844200000000003
20200224,10.0,-0.046301552631578945,-0.21844200000000003
20200330,1.0,0.059748631578947366,0.14300400000000002
20200330,2.0,0.08384225000000001,0.14300400000000002
20200330,3.0,0.062062613333333336,0.14300400000000002
20200330,4.0,0.040301592105263156,0.14300400000000002
20200330,5.0,0.042109813333333336,0.14300400000000002
20200330,6.0,0.04680359210526316,0.14300400000000002
20200330,7.0,0.018388986666666666,0.14300400000000002
20200330,8.0,0.03378513157894737,0.14300400000000002
20200330,9.0,0.02458192,0.14300400000000002
20200330,10.0,0.013799815789473684,0.14300400000000002
20200427,1.0,0.033223723684210525,0.075696
20200427,2.0,0.03295021052631579,0.075696
20200427,3.0,0.013847236842105263,0.075696
20200427,4.0,0.038935613333333334,0.075696
20200427,5.0,0.02892668421052632,0.075696
20200427,6.0,0.03225165789473684,0.075696
20200427,7.0,0.026317959999999998,0.075696
20200427,8.0,0.057439986842105266,0.075696
20200427,9.0,0.04227036842105263,0.075696
20200427,10.0,0.06290797368421053,0.075696
20200525,1.0,0.10980996103896103,0.251652
20200525,2.0,0.10428740789473685,0.251652
20200525,3.0,0.07794906578947368,0.251652
20200525,4.0,0.06791423376623376,0.251652
20200525,5.0,0.05647027631578947,0.251652
20200525,6.0,0.06914643421052631,0.251652
20200525,7.0,0.05779871428571429,0.251652
20200525,8.0,0.08080871052631579,0.251652
20200525,9.0,0.07488752631578947,0.251652
20200525,10.0,0.0936727922077922,0.251652
20200622,1.0,0.07925800000000001,0.38631299999999996
20200622,10.0,0.03291199999999999,0.38631299999999996
20200629,1.0,0.12368822077922077,0.38631299999999996
20200629,2.0,0.12975302631578947,0.38631299999999996
20200629,3.0,0.13119898684210526,0.38631299999999996
20200629,4.0,0.09676572368421052,0.38631299999999996
20200629,5.0,0.14268906493506495,0.38631299999999996
20200629,6.0,0.14176277631578946,0.38631299999999996
20200629,7.0,0.1397493289473684,0.38631299999999996
20200629,8.0,0.18253293421052633,0.38631299999999996
20200629,9.0,0.12817996052631578,0.38631299999999996
20200629,10.0,0.12833818181818182,0.38631299999999996
20200727,1.0,0.016899285714285714,0.041097
20200727,2.0,0.03489214285714286,0.041097
20200727,3.0,0.02083503896103896,0.041097
20200727,4.0,0.01993142857142857,0.041097
20200727,5.0,0.03752428571428571,0.041097
20200727,6.0,0.04999361038961039,0.041097
20200727,7.0,0.029568155844155845,0.041097
20200727,8.0,0.033991649350649356,0.041097
20200727,9.0,0.015060545454545455,0.041097
20200727,10.0,0.0036481298701298687,0.041097
20200824,1.0,0.057976000000000014,-0.25562700000000005
20200824,10.0,0.10816200000000005,-0.25562700000000005
20200831,1.0,-0.0808939493670886,-0.25562700000000005
20200831,2.0,-0.06682278205128205,-0.25562700000000005
20200831,3.0,-0.0699245641025641,-0.25562700000000005
20200831,4.0,-0.06643914102564102,-0.25562700000000005
20200831,5.0,-0.07131480769230769,-0.25562700000000005
20200831,6.0,-0.07523382051282052,-0.25562700000000005
20200831,7.0,-0.07342221794871795,-0.25562700000000005
20200831,8.0,-0.0530796282051282,-0.25562700000000005
20200831,9.0,-0.08277005128205128,-0.25562700000000005
20200831,10.0,-0.05693149367088607,-0.25562700000000005
20200921,1.0,-0.06728,-0.04315500000000001
20200921,10.0,-0.06992200000000001,-0.04315500000000001
20200928,1.0,0.009907887499999999,-0.04315500000000001
20200928,2.0,-0.0015652658227848096,-0.04315500000000001
20200928,3.0,0.005366632911392405,-0.04315500000000001
20200928,4.0,-0.012068088607594937,-0.04315500000000001
20200928,5.0,-0.004175898734177216,-0.04315500000000001
20200928,6.0,-0.025116772151898732,-0.04315500000000001
20200928,7.0,0.006384987341772152,-0.04315500000000001
20200928,8.0,-0.004778088607594937,-0.04315500000000001
20200928,9.0,0.006969582278481015,-0.04315500000000001
20200928,10.0,0.03333795,-0.04315500000000001
20201026,1.0,0.044334125,0.054567000000000004
20201026,2.0,0.03361805,0.054567000000000004
20201026,3.0,0.02856722784810127,0.054567000000000004
20201026,4.0,0.03321575,0.054567000000000004
20201026,5.0,0.047303250000000005,0.054567000000000004
20201026,6.0,0.05449300000000001,0.054567000000000004
20201026,7.0,0.02345315,0.054567000000000004
20201026,8.0,0.04695825316455696,0.054567000000000004
20201026,9.0,0.043104037500000005,0.054567000000000004
20201026,10.0,0.023154,0.054567000000000004
20201123,1.0,0.391487,0.015189000000000012
20201123,10.0,1.212499,0.015189000000000012
20201130,1.0,-0.009249774999999998,0.015189000000000012
20201130,2.0,-0.009466987500000001,0.015189000000000012
20201130,3.0,0.022158225,0.015189000000000012
20201130,4.0,-0.025905620253164556,0.015189000000000012
20201130,5.0,-0.0387814375,0.015189000000000012
20201130,6.0,-0.019965,0.015189000000000012
20201130,7.0,-0.00826554430379747,0.015189000000000012
20201130,8.0,-0.0007083000000000002,0.015189000000000012
20201130,9.0,-0.004122824999999999,0.015189000000000012
20201130,10.0,0.0166587625,0.015189000000000012
20201228,1.0,-0.0634175925925926,-0.15383999999999998
20201228,2.0,-0.0614887125,-0.15383999999999998
20201228,3.0,-0.057442599999999996,-0.15383999999999998
20201228,4.0,-0.0428965125,-0.15383999999999998
20201228,5.0,-0.052853407407407405,-0.15383999999999998
20201228,6.0,-0.0622017375,-0.15383999999999998
20201228,7.0,-0.0314747375,-0.15383999999999998
20201228,8.0,-0.040415825,-0.15383999999999998
20201228,9.0,-0.0284754,-0.15383999999999998
20201228,10.0,-0.061035209876543206,-0.15383999999999998
20210118,1.0,-0.05699499999999999,0.014763000000000005
20210118,10.0,-0.058397,0.014763000000000005
20210125,1.0,0.019303123456790125,0.014763000000000005
20210125,2.0,0.03870062962962963,0.014763000000000005
20210125,3.0,0.0398736,0.014763000000000005
20210125,4.0,0.05038362962962963,0.014763000000000005
20210125,5.0,0.0597977375,0.014763000000000005
20210125,6.0,0.0493459012345679,0.014763000000000005
20210125,7.0,0.0226273875,0.014763000000000005
20210125,8.0,0.03793898765432099,0.014763000000000005
20210125,9.0,0.011075249999999998,0.014763000000000005
20210125,10.0,-0.012229234567901233,0.014763000000000005
20210222,1.0,-0.01917348148148148,-0.008436000000000027
20210222,2.0,0.0021762469135802446,-0.008436000000000027
20210222,3.0,0.009211382716049382,-0.008436000000000027
20210222,4.0,0.006483000000000002,-0.008436000000000027
20210222,5.0,0.0263486049382716,-0.008436000000000027
20210222,6.0,0.037270765432098764,-0.008436000000000027
20210222,7.0,0.0390955925925926,-0.008436000000000027
20210222,8.0,0.038553135802469135,-0.008436000000000027
20210222,9.0,0.01710751851851852,-0.008436000000000027
20210222,10.0,0.012629604938271605,-0.008436000000000027
20210329,1.0,0.025380329268292683,0.04416300000000001
20210329,2.0,0.017077037037037036,0.04416300000000001
20210329,3.0,0.015907876543209878,0.04416300000000001
20210329,4.0,0.014454304878048779,0.04416300000000001
20210329,5.0,0.013189172839506172,0.04416300000000001
20210329,6.0,0.01401722222222222,0.04416300000000001
20210329,7.0,0.01438118292682927,0.04416300000000001
20210329,8.0,0.014447580246913581,0.04416300000000001
20210329,9.0,0.04819764197530864,0.04416300000000001
20210329,10.0,0.010455243902439024,0.04416300000000001
20210426,1.0,0.07237279268292683,0.198399
20210426,2.0,0.07755430487804878,0.198399
20210426,3.0,0.0596348024691358,0.198399
20210426,4.0,0.07329687804878049,0.198399
20210426,5.0,0.055301756097560974,0.198399
20210426,6.0,0.0634336913580247,0.198399
20210426,7.0,0.04662509756097561,0.198399
20210426,8.0,0.056746679012345674,0.198399
20210426,9.0,0.08033437804878048,0.198399
20210426,10.0,0.09563925609756098,0.198399
20210531,1.0,0.026982277108433737,0.119556
20210531,2.0,0.029602597560975615,0.119556
20210531,3.0,0.052746499999999995,0.119556
20210531,4.0,0.035250280487804875,0.119556
20210531,5.0,0.030356048192771084,0.119556
20210531,6.0,0.045054024390243905,0.119556
20210531,7.0,0.040483,0.119556
20210531,8.0,0.0417369756097561,0.119556
20210531,9.0,0.030382353658536587,0.119556
20210531,10.0,0.037411891566265065,0.119556
20210628,1.0,0.07516849397590362,0.08186400000000002
20210628,2.0,0.04331778313253012,0.08186400000000002
20210628,3.0,0.05720622891566265,0.08186400000000002
20210628,4.0,0.004923120481927709,0.08186400000000002
20210628,5.0,0.002331530120481929,0.08186400000000002
20210628,6.0,0.0250784756097561,0.08186400000000002
20210628,7.0,0.02544303614457831,0.08186400000000002
20210628,8.0,-0.004959373493975902,0.08186400000000002
20210628,9.0,0.027825506024096384,0.08186400000000002
20210628,10.0,-0.023691493975903616,0.08186400000000002
20210726,1.0,0.0454137380952381,0.19131
20210726,2.0,0.06568346428571428,0.19131
20210726,3.0,0.062072547619047624,0.19131
20210726,4.0,0.07878294047619047,0.19131
20210726,5.0,0.0661542261904762,0.19131
20210726,6.0,0.08834628915662651,0.19131
20210726,7.0,0.09217633333333333,0.19131
20210726,8.0,0.09394917857142857,0.19131
20210726,9.0,0.05177910714285715,0.19131
20210726,10.0,0.08158539285714286,0.19131
20210830,1.0,-0.08079023529411765,-0.12040500000000001
20210830,2.0,-0.006438905882352942,-0.12040500000000001
20210830,3.0,-0.05319951190476191,-0.12040500000000001
20210830,4.0,-0.022552305882352946,-0.12040500000000001
20210830,5.0,0.0007649176470588238,-0.12040500000000001
20210830,6.0,-0.008483166666666668,-0.12040500000000001
20210830,7.0,-0.022418247058823528,-0.12040500000000001
20210830,8.0,0.018092773809523805,-0.12040500000000001
20210830,9.0,-0.023528823529411765,-0.12040500000000001
20210830,10.0,-0.04352045882352941,-0.12040500000000001
20210913,1.0,0.04244099999999999,-0.004976999999999981
20210913,3.0,0.039740999999999985,-0.004976999999999981
20210913,5.0,0.01747500000000001,-0.004976999999999981
20210913,8.0,-0.07870699999999999,-0.004976999999999981
20210913,10.0,-0.117977,-0.004976999999999981
20210927,1.0,0.03224125882352941,-0.004976999999999981
20210927,2.0,0.01873364705882353,-0.004976999999999981
20210927,3.0,-0.01040045238095238,-0.004976999999999981
20210927,4.0,-0.007786776470588237,-0.004976999999999981
20210927,5.0,-0.021655305882352944,-0.004976999999999981
20210927,6.0,0.00208097619047619,-0.004976999999999981
20210927,7.0,-0.017934941176470588,-0.004976999999999981
20210927,8.0,-0.013245928571428568,-0.004976999999999981
20210927,9.0,-0.012683435294117648,-0.004976999999999981
20210927,10.0,-0.023400988235294115,-0.004976999999999981
20211018,1.0,0.779027,0.26326499999999997
20211018,5.0,0.36879999999999996,0.26326499999999997
20211018,10.0,-0.05133899999999999,0.26326499999999997
20211025,1.0,0.08564501162790697,0.26326499999999997
20211025,2.0,0.12981852941176472,0.26326499999999997
20211025,3.0,0.12666510588235294,0.26326499999999997
20211025,4.0,0.09263876470588235,0.26326499999999997
20211025,5.0,0.091185,0.26326499999999997
20211025,6.0,0.08596391764705882,0.26326499999999997
20211025,7.0,0.11704238823529411,0.26326499999999997
20211025,8.0,0.1166339294117647,0.26326499999999997
20211025,9.0,0.1347848235294118,0.26326499999999997
20211025,10.0,0.06743003488372094,0.26326499999999997
20211129,1.0,-0.02256381609195402,-0.012611999999999998
20211129,2.0,0.011053790697674419,-0.012611999999999998
20211129,3.0,0.020064186046511626,-0.012611999999999998
20211129,4.0,0.05704412790697675,-0.012611999999999998
20211129,5.0,0.062249976744186045,-0.012611999999999998
20211129,6.0,0.05565609302325582,-0.012611999999999998
20211129,7.0,0.0581126976744186,-0.012611999999999998
20211129,8.0,0.041470697674418605,-0.012611999999999998
20211129,9.0,0.008991093023255814,-0.012611999999999998
20211129,10.0,-0.03726931034482758,-0.012611999999999998
20211227,1.0,-0.1470663448275862,-0.40754999999999997
20211227,2.0,-0.13798274712643677,-0.40754999999999997
20211227,3.0,-0.09949511627906978,-0.40754999999999997
20211227,4.0,-0.08327152873563218,-0.40754999999999997
20211227,5.0,-0.0986744712643678,-0.40754999999999997
20211227,6.0,-0.10135012790697674,-0.40754999999999997
20211227,7.0,-0.09164378160919541,-0.40754999999999997
20211227,8.0,-0.09236906976744186,-0.40754999999999997
20211227,9.0,-0.12739557471264368,-0.40754999999999997
20211227,10.0,-0.11523757471264369,-0.40754999999999997
20220124,1.0,0.03874068181818182,0.190443
20220124,2.0,0.03881929885057472,0.190443
20220124,3.0,0.05007763218390804,0.190443
20220124,4.0,0.03882732183908046,0.190443
20220124,5.0,0.04889481609195402,0.190443
20220124,6.0,0.06703133333333333,0.190443
20220124,7.0,0.0577868275862069,0.190443
20220124,8.0,0.057587425287356324,0.190443
20220124,9.0,0.07840867816091954,0.190443
20220124,10.0,0.07141585227272727,0.190443
20220228,1.0,-0.10520005681818181,-0.261783
20220228,2.0,-0.0706992643678161,-0.261783
20220228,3.0,-0.0789348275862069,-0.261783
20220228,4.0,-0.08153901149425287,-0.261783
20220228,5.0,-0.06245754545454545,-0.261783
20220228,6.0,-0.07490186206896551,-0.261783
20220228,7.0,-0.06345985057471264,-0.261783
20220228,8.0,-0.07573727586206896,-0.261783
20220228,9.0,-0.06622429885057471,-0.261783
20220228,10.0,-0.047738079545454545,-0.261783
20220328,1.0,-0.14775072727272728,-0.473289
20220328,2.0,-0.1285914318181818,-0.473289
20220328,3.0,-0.15839095454545454,-0.473289
20220328,4.0,-0.14783195454545453,-0.473289
20220328,5.0,-0.1472545909090909,-0.473289
20220328,6.0,-0.14215859090909091,-0.473289
20220328,7.0,-0.14306732954545456,-0.473289
20220328,8.0,-0.12605380681818182,-0.473289
20220328,9.0,-0.13537557954545454,-0.473289
20220328,10.0,-0.1659259431818182,-0.473289
20220418,1.0,-0.092463,0.313374
20220418,10.0,-0.026897999999999995,0.313374
20220425,1.0,0.12320291011235955,0.313374
20220425,2.0,0.11638002247191012,0.313374
20220425,3.0,0.11554295454545455,0.313374
20220425,4.0,0.11781568539325842,0.313374
20220425,5.0,0.0939132584269663,0.313374
20220425,6.0,0.1299276590909091,0.313374
20220425,7.0,0.11665791011235956,0.313374
20220425,8.0,0.12024493181818183,0.313374
20220425,9.0,0.13678308988764046,0.313374
20220425,10.0,0.10626703370786517,0.313374
20220530,1.0,0.12256184444444444,0.294684
20220530,2.0,0.11152915730337079,0.294684
20220530,3.0,0.09745771910112358,0.294684
20220530,4.0,0.08945956179775282,0.294684
20220530,5.0,0.11071933707865168,0.294684
20220530,6.0,0.0987328426966292,0.294684
20220530,7.0,0.10630078651685393,0.294684
20220530,8.0,0.09632865168539326,0.294684
20220530,9.0,0.08850826966292134,0.294684
20220530,10.0,0.07417470786516854,0.294684
20220627,1.0,0.04245246666666667,0.05531699999999999
20220627,2.0,0.03433388764044944,0.05531699999999999
20220627,3.0,0.03359242696629214,0.05531699999999999
20220627,4.0,0.028230577777777776,0.05531699999999999
20220627,5.0,0.015045460674157303,0.05531699999999999
20220627,6.0,0.005561404494382024,0.05531699999999999
20220627,7.0,0.021764699999999998,0.05531699999999999
20220627,8.0,0.018444022471910113,0.05531699999999999
20220627,9.0,0.04974412359550562,0.05531699999999999
20220627,10.0,0.04438086666666667,0.05531699999999999
20220725,1.0,-0.09608434444444444,-0.151458
20220725,2.0,-0.058501899999999996,-0.151458
20220725,3.0,-0.03879506666666667,-0.151458
20220725,4.0,-0.02899668888888889,-0.151458
20220725,5.0,-0.021361444444444443,-0.151458
20220725,6.0,-0.01612328888888889,-0.151458
20220725,7.0,-0.02265431111111111,-0.151458
20220725,8.0,-0.021617944444444443,-0.151458
20220725,9.0,-0.021537855555555555,-0.151458
20220725,10.0,-0.016734822222222223,-0.151458
20220829,1.0,-0.09725054945054945,-0.284919
20220829,2.0,-0.10111174725274726,-0.284919
20220829,3.0,-0.10860543956043957,-0.284919
20220829,4.0,-0.07481758888888888,-0.284919
20220829,5.0,-0.08795279120879122,-0.284919
20220829,6.0,-0.07343826373626373,-0.284919
20220829,7.0,-0.08435404444444444,-0.284919
20220829,8.0,-0.0987570989010989,-0.284919
20220829,9.0,-0.07846989010989011,-0.284919
20220829,10.0,-0.05447006593406593,-0.284919
20220926,1.0,0.15813938043478262,0.087258
20220926,2.0,0.07173945054945055,0.087258
20220926,3.0,0.08150738461538462,0.087258
20220926,4.0,0.05185998901098901,0.087258
20220926,5.0,0.03995398913043478,0.087258
20220926,6.0,0.013931307692307692,0.087258
20220926,7.0,0.027628197802197805,0.087258
20220926,8.0,0.016283142857142857,0.087258
20220926,9.0,-0.015285428571428571,0.087258
20220926,10.0,0.011162760869565221,0.087258
20221031,1.0,0.049699108695652174,0.142809
20221031,2.0,0.08143146739130434,0.142809
20221031,3.0,0.09223827472527474,0.142809
20221031,4.0,0.05901961956521739,0.142809
20221031,5.0,0.07343192391304347,0.142809
20221031,6.0,0.0849389120879121,0.142809
20221031,7.0,0.06311191304347825,0.142809
20221031,8.0,0.06535441758241758,0.142809
20221031,9.0,0.05574233695652175,0.142809
20221031,10.0,-0.003570836956521741,0.142809
20221128,1.0,-0.03109260215053764,-0.141261
20221128,2.0,-0.051547119565217396,-0.141261
20221128,3.0,-0.02924173913043478,-0.141261
20221128,4.0,-0.01501816304347826,-0.141261
20221128,5.0,-0.03235294565217391,-0.141261
20221128,6.0,-0.03430505434782609,-0.141261
20221128,7.0,-0.03409375,-0.141261
20221128,8.0,-0.04701594565217391,-0.141261
20221128,9.0,-0.050953217391304345,-0.141261
20221128,10.0,-0.04384608602150537,-0.141261
20221219,1.0,0.125763,0.24185399999999999
20221219,10.0,0.193537,0.24185399999999999
20221226,1.0,0.05456692473118279,0.24185399999999999
20221226,2.0,0.07977157608695652,0.24185399999999999
20221226,3.0,0.07889808602150537,0.24185399999999999
20221226,4.0,0.0817085,0.24185399999999999
20221226,5.0,0.08237996774193548,0.24185399999999999
20221226,6.0,0.08233089130434783,0.24185399999999999
20221226,7.0,0.09679828260869566,0.24185399999999999
20221226,8.0,0.10773267741935486,0.24185399999999999
20221226,9.0,0.09756646739130435,0.24185399999999999
20221226,10.0,0.08948774193548387,0.24185399999999999
20230130,1.0,0.026166935483870966,0.06796799999999999
20230130,2.0,0.030263021505376346,0.06796799999999999
20230130,3.0,0.038963397849462365,0.06796799999999999
20230130,4.0,0.035563741935483874,0.06796799999999999
20230130,5.0,0.019061301075268818,0.06796799999999999
20230130,6.0,0.018765891304347825,0.06796799999999999
20230130,7.0,0.0420962688172043,0.06796799999999999
20230130,8.0,0.026251806451612906,0.06796799999999999
20230130,9.0,0.02730767741935484,0.06796799999999999
20230130,10.0,0.029298677419354838,0.06796799999999999
20230227,1.0,-0.013851774193548386,-0.032213999999999986
20230227,2.0,-0.01686962365591398,-0.032213999999999986
20230227,3.0,0.007366548387096774,-0.032213999999999986
20230227,4.0,0.010007333333333332,-0.032213999999999986
20230227,5.0,-0.0012237419354838696,-0.032213999999999986
20230227,6.0,-0.002773193548387098,-0.032213999999999986
20230227,7.0,-0.018570817204301072,-0.032213999999999986
20230227,8.0,0.011277053763440861,-0.032213999999999986
20230227,9.0,0.03830820430107527,-0.032213999999999986
20230227,10.0,-0.004246956989247314,-0.032213999999999986
20230327,1.0,0.013290680851063831,-0.064467
20230327,2.0,-0.024602483870967744,-0.064467
20230327,3.0,-0.004844234042553191,-0.064467
20230327,4.0,-0.025874322580645162,-0.064467
20230327,5.0,-0.016823914893617023,-0.064467
20230327,6.0,-0.0013385913978494629,-0.064467
20230327,7.0,0.006571279569892472,-0.064467
20230327,8.0,0.006538276595744681,-0.064467
20230327,9.0,0.007155752688172043,-0.064467
20230327,10.0,0.0029955851063829795,-0.064467
20230424,1.0,0.00686957894736842,-0.071535
20230424,2.0,0.003218340425531914,-0.071535
20230424,3.0,-0.010704478723404255,-0.071535
20230424,4.0,-0.02040501063829787,-0.071535
20230424,5.0,-0.0009587021276595754,-0.071535
20230424,6.0,0.0017123191489361712,-0.071535
20230424,7.0,0.001795521276595744,-0.071535
20230424,8.0,-0.004257489361702128,-0.071535
20230424,9.0,-0.03481863829787234,-0.071535
20230424,10.0,0.014931684210526316,-0.071535
20230529,1.0,0.01988037894736842,0.021545999999999996
20230529,2.0,0.016233648936170214,0.021545999999999996
20230529,3.0,0.012124223404255317,0.021545999999999996
20230529,4.0,0.025219905263157896,0.021545999999999996
20230529,5.0,0.018621563829787233,0.021545999999999996
20230529,6.0,0.019716829787234044,0.021545999999999996
20230529,7.0,0.02445624210526316,0.021545999999999996
20230529,8.0,0.02294411702127659,0.021545999999999996
20230529,9.0,0.015578574468085107,0.021545999999999996
20230529,10.0,0.0321534,0.021545999999999996
20230626,1.0,-0.024214515789473683,-0.037584000000000006
20230626,2.0,0.006135957894736841,-0.037584000000000006
20230626,3.0,0.014468136842105263,-0.037584000000000006
20230626,4.0,-0.0019165894736842112,-0.037584000000000006
20230626,5.0,0.011675326315789474,-0.037584000000000006
20230626,6.0,0.011211085106382978,-0.037584000000000006
20230626,7.0,0.011445915789473685,-0.037584000000000006
20230626,8.0,-0.014940084210526316,-0.037584000000000006
20230626,9.0,-6.762105263157909e-05,-0.037584000000000006
20230626,10.0,-0.05829412631578947,-0.037584000000000006
20230731,1.0,-0.046196666666666664,-0.190803
20230731,2.0,-0.03626547368421053,-0.190803
20230731,3.0,-0.04836237894736842,-0.190803
20230731,4.0,-0.056375273684210525,-0.190803
20230731,5.0,-0.04238489583333333,-0.190803
20230731,6.0,-0.058236157894736844,-0.190803
20230731,7.0,-0.05273173684210527,-0.190803
20230731,8.0,-0.04260678947368421,-0.190803
20230731,9.0,-0.0653010947368421,-0.190803
20230731,10.0,-0.05529007291666666,-0.190803
20230828,1.0,0.014580917525773196,-0.009935999999999987
20230828,2.0,0.028555833333333336,-0.009935999999999987
20230828,3.0,-0.008397906249999998,-0.009935999999999987
20230828,4.0,0.006732593749999999,-0.009935999999999987
20230828,5.0,0.009708937499999999,-0.009935999999999987
20230828,6.0,0.003676666666666666,-0.009935999999999987
20230828,7.0,0.008840135416666667,-0.009935999999999987
20230828,8.0,-1.210416666666699e-05,-0.009935999999999987
20230828,9.0,-0.017186,-0.009935999999999987
20230828,10.0,-0.017182010416666664,-0.009935999999999987
20230925,1.0,0.018838268041237116,-0.051207
20230925,2.0,-0.004796770833333334,-0.051207
20230925,3.0,-0.008969000000000001,-0.051207
20230925,4.0,-0.01856405154639175,-0.051207
20230925,5.0,-0.030588218749999996,-0.051207
20230925,6.0,-0.011920385416666667,-0.051207
20230925,7.0,-0.019817742268041238,-0.051207
20230925,8.0,-0.013574604166666665,-0.051207
20230925,9.0,-0.0109125,-0.051207
20230925,10.0,0.002084865979381445,-0.051207
20231030,1.0,0.01954318556701031,0.05811900000000002
20231030,2.0,0.018514135416666664,0.05811900000000002
20231030,3.0,0.024137989583333335,0.05811900000000002
20231030,4.0,0.030268639175257732,0.05811900000000002
20231030,5.0,0.027880031250000003,0.05811900000000002
20231030,6.0,0.036220125,0.05811900000000002
20231030,7.0,0.02684159793814433,0.05811900000000002
20231030,8.0,0.022129104166666667,0.05811900000000002
20231030,9.0,0.041291052083333335,0.05811900000000002
20231030,10.0,0.03962196907216495,0.05811900000000002
20231127,1.0,-0.041954628865979386,-0.09334200000000001
20231127,2.0,-0.023743010416666665,-0.09334200000000001
20231127,3.0,-0.035160432989690724,-0.09334200000000001
20231127,4.0,-0.017362833333333334,-0.09334200000000001
20231127,5.0,-0.027937525773195877,-0.09334200000000001
20231127,6.0,-0.022063395833333332,-0.09334200000000001
20231127,7.0,-0.013358708333333335,-0.09334200000000001
20231127,8.0,-0.003098072164948454,-0.09334200000000001
20231127,9.0,-0.0066748229166666674,-0.09334200000000001
20231127,10.0,-0.020809268041237117,-0.09334200000000001
20231218,1.0,-0.10866900000000002,-0.605997
20231218,4.0,-0.34741500000000003,-0.605997
20231218,7.0,0.046277999999999986,-0.605997
20231218,10.0,-0.137164,-0.605997
20231225,1.0,-0.2393761443298969,-0.605997
20231225,2.0,-0.21454433333333334,-0.605997
20231225,3.0,-0.219248,-0.605997
20231225,4.0,-0.20882057291666667,-0.605997
20231225,5.0,-0.17475692783505156,-0.605997
20231225,6.0,-0.17618423958333332,-0.605997
20231225,7.0,-0.18309711458333333,-0.605997
20231225,8.0,-0.16595237113402064,-0.605997
20231225,9.0,-0.18084716666666667,-0.605997
20231225,10.0,-0.1964628350515464,-0.605997
20240129,1.0,0.12365592857142857,0.359232
20240129,2.0,0.12094212371134021,0.359232
20240129,3.0,0.11256523711340205,0.359232
20240129,4.0,0.1085541030927835,0.359232
20240129,5.0,0.12293422680412372,0.359232
20240129,6.0,0.12020141237113402,0.359232
20240129,7.0,0.11549140206185568,0.359232
20240129,8.0,0.10707431958762886,0.359232
20240129,9.0,0.14040529896907217,0.359232
20240129,10.0,0.13290361224489797,0.359232
20240226,1.0,0.02316307142857143,0.059763000000000024
20240226,2.0,0.022457072164948456,0.059763000000000024
20240226,3.0,0.029454484536082477,0.059763000000000024
20240226,4.0,0.03913978571428572,0.059763000000000024
20240226,5.0,0.024526876288659794,0.059763000000000024
20240226,6.0,0.010208773195876288,0.059763000000000024
20240226,7.0,0.01915045918367347,0.059763000000000024
20240226,8.0,0.02931084536082474,0.059763000000000024
20240226,9.0,0.033554309278350514,0.059763000000000024
20240226,10.0,0.04678243877551021,0.059763000000000024
20240325,1.0,-0.005096520408163262,0.040566000000000005
20240325,2.0,0.027240381443298968,0.040566000000000005
20240325,3.0,0.018448948453608248,0.040566000000000005
20240325,4.0,0.026846857142857145,0.040566000000000005
20240325,5.0,0.026093505154639176,0.040566000000000005
20240325,6.0,0.037931463917525776,0.040566000000000005
20240325,7.0,0.049661806122448984,0.040566000000000005
20240325,8.0,0.028403030927835055,0.040566000000000005
20240325,9.0,0.027567144329896907,0.040566000000000005
20240325,10.0,0.0012706020408163265,0.040566000000000005
20240429,1.0,0.003106581632653064,-0.074934
20240429,2.0,0.005572938144329897,-0.074934
20240429,3.0,-0.015142144329896906,-0.074934
20240429,4.0,-0.007178397959183674,-0.074934
20240429,5.0,-0.007321711340206184,-0.074934
20240429,6.0,-0.006408000000000001,-0.074934
20240429,7.0,-0.016720285714285715,-0.074934
20240429,8.0,-0.03666032989690722,-0.074934
20240429,9.0,-0.020915453608247425,-0.074934
20240429,10.0,0.00195337755102041,-0.074934
20240527,1.0,-0.0851927755102041,-0.2625
20240527,2.0,-0.08148825773195877,-0.2625
20240527,3.0,-0.08342024742268041,-0.2625
20240527,4.0,-0.08148588775510203,-0.2625
20240527,5.0,-0.0912369793814433,-0.2625
20240527,6.0,-0.08185334020618557,-0.2625
20240527,7.0,-0.08574436734693879,-0.2625
20240527,8.0,-0.06641365979381443,-0.2625
20240527,9.0,-0.08832585567010309,-0.2625
20240527,10.0,-0.06366674489795918,-0.2625
20240624,1.0,0.0013979897959183678,0.0038369999999999863
20240624,2.0,-0.0003568877551020399,0.0038369999999999863
20240624,3.0,0.012038865979381443,0.0038369999999999863
20240624,4.0,0.010297551020408163,0.0038369999999999863
20240624,5.0,0.013529309278350516,0.0038369999999999863
20240624,6.0,0.009863122448979592,0.0038369999999999863
20240624,7.0,0.010448536082474225,0.0038369999999999863
20240624,8.0,0.013746102040816329,0.0038369999999999863
20240624,9.0,-0.01537121649484536,0.0038369999999999863
20240624,10.0,-0.020965285714285714,0.0038369999999999863
20240729,1.0,-0.07011014285714286,-0.159462
20240729,2.0,-0.04462889795918367,-0.159462
20240729,3.0,-0.045006567010309285,-0.159462
20240729,4.0,-0.032977959183673466,-0.159462
20240729,5.0,-0.025621928571428573,-0.159462
20240729,6.0,-0.04913194845360824,-0.159462
20240729,7.0,-0.038344806122448984,-0.159462
20240729,8.0,-0.04813280412371134,-0.159462
20240729,9.0,-0.0419554693877551,-0.159462
20240729,10.0,-0.04706377551020408,-0.159462
20240826,1.0,0.2226290306122449,0.6573
20240826,2.0,0.1998243775510204,0.6573
20240826,3.0,0.22042463265306123,0.6573
20240826,4.0,0.20869219587628865,0.6573
20240826,5.0,0.2167211632653061,0.6573
20240826,6.0,0.22840538775510205,0.6573
20240826,7.0,0.21390249484536084,0.6573
20240826,8.0,0.22786085714285714,0.6573
20240826,9.0,0.2303488163265306,0.6573
20240826,10.0,0.2612820816326531,0.6573
20240923,1.0,1.283375,0.237801
20240923,10.0,0.8999940000000001,0.237801
20240930,1.0,0.06781570408163265,0.237801
20240930,2.0,0.06638763265306123,0.237801
20240930,3.0,0.057935377551020406,0.237801
20240930,4.0,0.06333107216494845,0.237801
20240930,5.0,0.052680142857142856,0.237801
20240930,6.0,0.04010124489795918,0.237801
20240930,7.0,0.06669446391752577,0.237801
20240930,8.0,0.0649950306122449,0.237801
20240930,9.0,0.07081264285714285,0.237801
20240930,10.0,0.08599541836734695,0.237801
20241028,1.0,0.05858963636363636,0.049263000000000015
20241028,2.0,0.056857081632653066,0.049263000000000015
20241028,3.0,0.06480429591836734,0.049263000000000015
20241028,4.0,0.07384204081632653,0.049263000000000015
20241028,5.0,0.03760362626262626,0.049263000000000015
20241028,6.0,0.0380740918367347,0.049263000000000015
20241028,7.0,0.0317475,0.049263000000000015
20241028,8.0,0.04314022448979592,0.049263000000000015
20241028,9.0,0.0025068265306122444,0.049263000000000015
20241028,10.0,0.00190560606060606,0.049263000000000015
20241125,1.0,-0.057783909090909094,-0.10733699999999999
20241125,2.0,-0.0337289693877551,-0.10733699999999999
20241125,3.0,-0.03433752525252526,-0.10733699999999999
20241125,4.0,-0.021288040816326532,-0.10733699999999999
20241125,5.0,-0.009198515151515152,-0.10733699999999999
20241125,6.0,-0.015668326530612245,-0.10733699999999999
20241125,7.0,-0.008827948979591837,-0.10733699999999999
20241125,8.0,-0.021886030303030306,-0.10733699999999999
20241125,9.0,-0.0088855,-0.10733699999999999
20241125,10.0,-0.01502482828282828,-0.10733699999999999
20241216,1.0,-0.11534,-0.04884300000000003
20241216,5.0,-0.086095,-0.04884300000000003
20241216,10.0,-0.164703,-0.04884300000000003
20241230,1.0,-0.003454020202020203,-0.04884300000000003
20241230,2.0,0.00026551515151515125,-0.04884300000000003
20241230,3.0,-0.020750387755102042,-0.04884300000000003
20241230,4.0,-0.009429646464646465,-0.04884300000000003
20241230,5.0,-0.030299816326530612,-0.04884300000000003
20241230,6.0,-0.00918840404040404,-0.04884300000000003
20241230,7.0,-0.02536585714285714,-0.04884300000000003
20241230,8.0,-0.009419242424242424,-0.04884300000000003
20241230,9.0,-0.014405959183673472,-0.04884300000000003
20241230,10.0,0.0359580202020202,-0.04884300000000003
20250127,1.0,0.13978299,0.21701100000000004
20250127,2.0,0.08643636363636363,0.21701100000000004
20250127,3.0,0.04093870707070707,0.21701100000000004
20250127,4.0,0.07401027272727273,0.21701100000000004
20250127,5.0,0.046327595959595964,0.21701100000000004
20250127,6.0,0.049635505050505055,0.21701100000000004
20250127,7.0,0.06156549494949495,0.21701100000000004
20250127,8.0,0.08034524242424242,0.21701100000000004
20250127,9.0,0.09331443434343435,0.21701100000000004
20250127,10.0,0.07981361,0.21701100000000004
20250224,1.0,-0.02721146,-0.018071999999999987
20250224,2.0,0.02040048484848485,-0.018071999999999987
20250224,3.0,0.02232150505050505,-0.018071999999999987
20250224,4.0,0.007751404040404039,-0.018071999999999987
20250224,5.0,0.032495747474747476,-0.018071999999999987
20250224,6.0,0.016951434343434345,-0.018071999999999987
20250224,7.0,0.01713261616161616,-0.018071999999999987
20250224,8.0,0.02214307070707071,-0.018071999999999987
20250224,9.0,-0.0017192020202020175,-0.018071999999999987
20250224,10.0,-0.02876218,-0.018071999999999987
20250324,1.0,-0.064745,-0.111357
20250324,5.0,0.02601999999999999,-0.111357
20250324,10.0,-0.186214,-0.111357
20250331,1.0,-0.00958593,-0.111357
20250331,2.0,-0.02928893939393939,-0.111357
20250331,3.0,-0.023845111111111112,-0.111357
20250331,4.0,-0.017739010101010103,-0.111357
20250331,5.0,-0.021774242424242425,-0.111357
20250331,6.0,-0.021102727272727273,-0.111357
20250331,7.0,-0.014938969696969699,-0.111357
20250331,8.0,-0.015245939393939397,-0.111357
20250331,9.0,-0.033066030303030305,-0.111357
20250331,10.0,-0.024967212121212123,-0.111357
20250428,1.0,0.023448950000000003,0.041613
20250428,2.0,0.04681393,0.041613
20250428,3.0,0.03571209090909091,0.041613
20250428,4.0,0.028284570000000002,0.041613
20250428,5.0,0.02566046,0.041613
20250428,6.0,0.02953908080808081,0.041613
20250428,7.0,0.008350370000000001,0.041613
20250428,8.0,0.02790638383838384,0.041613
20250428,9.0,0.01042763,0.041613
20250428,10.0,0.02541371,0.041613
20250519,1.0,0.058213999999999995,0.162483
20250519,10.0,0.05263900000000001,0.162483
20250526,1.0,0.06475093,0.162483
20250526,2.0,0.04357759,0.162483
20250526,3.0,0.058882303030303035,0.162483
20250526,4.0,0.07755237,0.162483
20250526,5.0,0.04977861616161616,0.162483
20250526,6.0,0.06346533,0.162483
20250526,7.0,0.07667183838383838,0.162483
20250526,8.0,0.06559933,0.162483
20250526,9.0,0.06849752525252525,0.162483
20250526,10.0,0.03373326,0.162483
20250630,1.0,0.08819914000000001,0.142239
20250630,2.0,0.054844330000000004,0.142239
20250630,3.0,0.05958666,0.142239
20250630,4.0,0.052784707070707065,0.142239
20250630,5.0,0.05032845,0.142239
20250630,6.0,0.03892563,0.142239
20250630,7.0,0.06114492929292929,0.142239
20250630,8.0,0.06017522,0.142239
20250630,9.0,0.05576878,0.142239
20250630,10.0,0.05359102,0.142239
20250728,1.0,0.10066564,0.335319
20250728,2.0,0.09316546,0.335319
20250728,3.0,0.11119499,0.335319
20250728,4.0,0.11051551,0.335319
20250728,5.0,0.1023955,0.335319
20250728,6.0,0.09731962626262627,0.335319
20250728,7.0,0.08705277,0.335319
20250728,8.0,0.09835149,0.335319
20250728,9.0,0.10440708000000001,0.335319
20250728,10.0,0.10916297,0.335319
20250825,1.0,0.04086444,0.06096299999999999
20250825,2.0,0.03265018,0.06096299999999999
20250825,3.0,0.0066166,0.06096299999999999
20250825,4.0,0.02080187,0.06096299999999999
20250825,5.0,-0.00736126,0.06096299999999999
20250825,6.0,0.023107979797979798,0.06096299999999999
20250825,7.0,0.0066343700000000005,0.06096299999999999
20250825,8.0,0.02179847,0.06096299999999999
20250825,9.0,0.00595707,0.06096299999999999
20250825,10.0,-0.008672309999999997,0.06096299999999999
20250929,1.0,-0.02058602,-0.022947000000000002
20250929,2.0,0.03236007,-0.022947000000000002
20250929,3.0,0.02539365,-0.022947000000000002
20250929,4.0,0.009128959999999998,-0.022947000000000002
20250929,5.0,-0.00958851,-0.022947000000000002
20250929,6.0,0.0010594848484848482,-0.022947000000000002
20250929,7.0,0.00651418,-0.022947000000000002
20250929,8.0,0.015154909999999999,-0.022947000000000002
20250929,9.0,-0.02221117,-0.022947000000000002
20250929,10.0,-0.017098920000000004,-0.022947000000000002
20251020,1.0,0.14444200000000001,-0.065505
20251020,10.0,-0.04599300000000001,-0.065505
20251027,1.0,-0.017188659999999998,-0.065505
20251027,2.0,-0.01778465,-0.065505
20251027,3.0,-0.014682737373737372,-0.065505
20251027,4.0,-0.024556139999999997,-0.065505
20251027,5.0,-0.02171653,-0.065505
20251027,6.0,-0.01622187878787879,-0.065505
20251027,7.0,-0.01586551,-0.065505
20251027,8.0,-0.022101808080808083,-0.065505
20251027,9.0,-0.018684909999999996,-0.065505
20251027,10.0,-0.01336822,-0.065505
20251124,1.0,0.0485431,0.10782900000000002
20251124,2.0,0.05187087,0.10782900000000002
20251124,3.0,0.0484251,0.10782900000000002
20251124,4.0,0.02487587,0.10782900000000002
20251124,5.0,0.01818871,0.10782900000000002
20251124,6.0,0.01677445,0.10782900000000002
20251124,7.0,0.026774279999999998,0.10782900000000002
20251124,8.0,0.01767102,0.10782900000000002
20251124,9.0,0.0328345,0.10782900000000002
20251124,10.0,0.021329700000000004,0.10782900000000002
20251229,1.0,0.07918705,0.254448
20251229,2.0,0.07188764,0.254448
20251229,3.0,0.07079167,0.254448
20251229,4.0,0.056078739999999995,0.254448
20251229,5.0,0.07674036000000001,0.254448
20251229,6.0,0.08004234343434342,0.254448
20251229,7.0,0.0762176,0.254448
20251229,8.0,0.08711279,0.254448
20251229,9.0,0.11601159,0.254448
20251229,10.0,0.10499546,0.254448
20260112,1.0,0.052298700000000004,0.07636199999999999
20260112,2.0,0.06240719,0.07636199999999999
20260112,3.0,0.041042300000000004,0.07636199999999999
20260112,4.0,0.03828596,0.07636199999999999
20260112,5.0,0.032971,0.07636199999999999
20260112,6.0,0.00947010101010101,0.07636199999999999
20260112,7.0,0.03468511,0.07636199999999999
20260112,8.0,0.05215749,0.07636199999999999
20260112,9.0,0.023253629999999997,0.07636199999999999
20260112,10.0,0.015314509999999998,0.07636199999999999
